"","hour","employeeid","departmentid","clientid"
"1","16","8","41","41"
"2","16","7","54","54"
"3","16","5","90","90"
"4","16","9","27","27"
"5","16","3","46","46"
"6","16","2","94","94"
"7","16","4","11","11"
"8","16","6","74","74"
"9","16","8","11","11"
"10","16","9","29","29"
"11","16","6","49","49"
"12","16","7","88","88"
"13","16","7","42","42"
"14","16","5","15","15"
"15","16","4","80","80"
"16","16","6","99","99"
"17","16","9","96","96"
"18","16","9","38","38"
"19","16","1","57","57"
"20","16","8","2","2"
"21","16","4","55","55"
"22","16","2","80","80"
"23","16","6","22","22"
"24","16","9","23","23"
"25","16","2","29","29"
"26","16","6","34","34"
"27","16","6","30","30"
"28","17","3","8","8"
"29","17","3","89","89"
"30","17","3","14","14"
"31","17","9","48","48"
"32","17","6","44","44"
"33","17","2","60","60"
"34","17","3","94","94"
"35","17","7","76","76"
"36","17","1","53","53"
"37","17","3","75","75"
"38","17","6","16","16"
"39","17","3","18","18"
"40","17","7","22","22"
"41","17","3","6","6"
"42","17","6","53","53"
"43","17","8","17","17"
"44","17","1","37","37"
"45","17","4","86","86"
"46","17","1","48","48"
"47","17","6","91","91"
"48","17","8","11","11"
"49","17","8","86","86"
"50","17","3","97","97"
"51","17","1","90","90"
"52","17","2","58","58"
"53","18","8","73","73"
"54","18","6","7","7"
"55","18","5","13","13"
"56","18","6","68","68"
"57","18","7","84","84"
"58","18","5","50","50"
"59","18","8","82","82"
"60","18","4","96","96"
"61","18","5","34","34"
"62","18","9","88","88"
"63","18","8","48","48"
"64","18","2","27","27"
"65","18","3","45","45"
"66","18","9","96","96"
"67","18","2","13","13"
"68","18","9","44","44"
"69","18","5","53","53"
"70","18","3","24","24"
"71","18","8","13","13"
"72","18","5","15","15"
"73","18","8","30","30"
"74","18","3","97","97"
"75","18","7","41","41"
"76","18","7","84","84"
"77","19","1","62","62"
"78","19","1","95","95"
"79","19","3","25","25"
"80","19","8","41","41"
"81","19","9","30","30"
"82","19","2","91","91"
"83","19","2","44","44"
"84","19","4","78","78"
"85","19","5","62","62"
"86","19","9","26","26"
"87","19","7","81","81"
"88","19","6","18","18"
"89","19","8","7","7"
"90","19","1","25","25"
"91","19","4","4","4"
"92","19","7","1","1"
"93","19","4","33","33"
"94","19","7","1","1"
"95","19","3","20","20"
"96","19","5","7","7"
"97","19","2","36","36"
"98","19","9","90","90"
"99","19","9","44","44"
"100","19","7","1","1"
"101","19","4","80","80"
"102","19","6","65","65"
"103","20","1","82","82"
"104","20","2","56","56"
"105","20","1","53","53"
"106","20","2","42","42"
"107","20","5","66","66"
"108","20","6","8","8"
"109","20","8","12","12"
"110","20","4","56","56"
"111","20","3","67","67"
"112","20","9","40","40"
"113","20","5","60","60"
"114","20","2","8","8"
"115","20","8","52","52"
"116","20","4","13","13"
"117","20","9","62","62"
"118","20","8","10","10"
"119","20","7","78","78"
"120","20","6","36","36"
"121","20","8","16","16"
"122","20","8","30","30"
"123","21","3","73","73"
"124","21","1","5","5"
"125","21","9","89","89"
"126","21","2","55","55"
"127","21","9","56","56"
"128","21","5","59","59"
"129","21","7","16","16"
"130","21","3","72","72"
"131","21","8","90","90"
"132","21","6","66","66"
"133","21","3","93","93"
"134","21","3","35","35"
"135","21","9","93","93"
"136","21","8","37","37"
"137","21","4","26","26"
"138","21","4","35","35"
"139","21","4","49","49"
"140","21","9","19","19"
"141","21","7","79","79"
"142","21","3","91","91"
"143","21","6","43","43"
"144","21","6","41","41"
"145","21","4","49","49"
"146","22","9","38","38"
"147","22","1","61","61"
"148","22","4","51","51"
"149","22","1","49","49"
"150","22","7","84","84"
"151","22","5","24","24"
"152","22","8","8","8"
"153","22","1","84","84"
"154","22","7","44","44"
"155","22","7","66","66"
"156","22","7","33","33"
"157","22","2","50","50"
"158","22","6","95","95"
"159","22","2","46","46"
"160","22","4","75","75"
"161","22","5","91","91"
"162","22","4","64","64"
"163","22","4","84","84"
"164","22","8","26","26"
"165","22","8","80","80"
"166","22","9","15","15"
"167","22","8","56","56"
"168","22","8","41","41"
"169","22","1","74","74"
"170","22","1","61","61"
"171","22","6","86","86"
"172","22","9","39","39"
"173","22","9","19","19"
"174","22","3","85","85"
"175","23","6","35","35"
"176","23","4","17","17"
"177","23","9","30","30"
"178","23","6","68","68"
"179","23","2","79","79"
"180","23","5","85","85"
"181","23","8","64","64"
"182","23","8","51","51"
"183","23","4","97","97"
"184","23","8","27","27"
"185","23","7","35","35"
"186","23","9","60","60"
"187","23","7","48","48"
"188","23","1","50","50"
"189","23","5","42","42"
"190","23","7","1","1"
"191","23","5","54","54"
"192","23","1","20","20"
"193","23","2","7","7"
"194","23","6","32","32"
"195","23","4","68","68"
"196","23","1","25","25"
"197","00","4","27","27"
"198","00","3","71","71"
"199","00","8","45","45"
"200","00","8","6","6"
"201","00","1","91","91"
"202","00","1","12","12"
"203","00","6","62","62"
"204","00","4","56","56"
"205","00","4","90","90"
"206","00","4","32","32"
"207","00","7","31","31"
"208","00","8","74","74"
"209","00","6","15","15"
"210","00","4","26","26"
"211","00","2","1","1"
"212","00","2","23","23"
"213","00","9","83","83"
"214","00","8","24","24"
"215","00","1","31","31"
"216","00","8","56","56"
"217","00","7","30","30"
"218","01","2","46","46"
"219","01","6","15","15"
"220","01","2","66","66"
"221","01","5","61","61"
"222","01","1","90","90"
"223","01","5","69","69"
"224","01","2","4","4"
"225","01","9","41","41"
"226","01","8","90","90"
"227","01","2","90","90"
"228","01","6","98","98"
"229","01","9","15","15"
"230","01","7","43","43"
"231","01","1","80","80"
"232","01","4","18","18"
"233","01","4","28","28"
"234","01","5","81","81"
"235","01","9","71","71"
"236","01","6","29","29"
"237","01","3","91","91"
"238","01","7","18","18"
"239","02","4","93","93"
"240","02","4","51","51"
"241","02","9","2","2"
"242","02","2","14","14"
"243","02","4","82","82"
"244","02","4","11","11"
"245","02","7","84","84"
"246","02","1","26","26"
"247","02","3","41","41"
"248","02","9","13","13"
"249","02","1","71","71"
"250","02","9","47","47"
"251","02","8","47","47"
"252","02","9","87","87"
"253","02","6","21","21"
"254","02","8","85","85"
"255","02","4","11","11"
"256","02","4","95","95"
"257","02","1","69","69"
"258","02","2","79","79"
"259","02","2","32","32"
"260","02","1","66","66"
"261","02","2","30","30"
"262","02","5","68","68"
"263","02","1","32","32"
"264","02","2","22","22"
"265","02","6","14","14"
"266","03","3","2","2"
"267","03","9","29","29"
"268","03","3","68","68"
"269","03","3","31","31"
"270","03","1","14","14"
"271","03","3","81","81"
"272","03","3","5","5"
"273","03","7","59","59"
"274","03","3","73","73"
"275","03","5","58","58"
"276","03","5","66","66"
"277","03","4","13","13"
"278","03","8","75","75"
"279","03","8","44","44"
"280","03","2","29","29"
"281","03","1","11","11"
"282","03","1","36","36"
"283","03","9","60","60"
"284","03","5","20","20"
"285","03","9","85","85"
"286","03","6","90","90"
"287","03","1","42","42"
"288","04","3","5","5"
"289","04","5","51","51"
"290","04","1","38","38"
"291","04","5","33","33"
"292","04","4","31","31"
"293","04","4","18","18"
"294","04","7","46","46"
"295","04","5","26","26"
"296","04","2","98","98"
"297","04","9","33","33"
"298","04","3","92","92"
"299","04","2","85","85"
"300","04","9","98","98"
"301","04","1","79","79"
"302","04","1","65","65"
"303","04","6","40","40"
"304","04","8","60","60"
"305","04","4","22","22"
"306","04","7","19","19"
"307","04","9","31","31"
"308","04","7","34","34"
"309","04","7","1","1"
"310","04","4","85","85"
"311","04","3","37","37"
"312","04","8","47","47"
"313","04","1","67","67"
"314","05","5","39","39"
"315","05","8","17","17"
"316","05","1","45","45"
"317","05","5","56","56"
"318","05","3","65","65"
"319","05","5","25","25"
"320","05","9","75","75"
"321","05","3","97","97"
"322","05","9","18","18"
"323","05","1","62","62"
"324","05","9","77","77"
"325","05","9","71","71"
"326","05","2","7","7"
"327","05","2","52","52"
"328","05","2","7","7"
"329","05","5","14","14"
"330","05","5","80","80"
"331","05","8","42","42"
"332","05","1","13","13"
"333","05","2","62","62"
"334","05","7","14","14"
"335","05","8","48","48"
"336","05","8","52","52"
"337","05","2","85","85"
"338","05","5","19","19"
"339","05","2","97","97"
"340","05","9","22","22"
"341","05","6","82","82"
"342","05","1","61","61"
"343","05","6","32","32"
"344","05","5","66","66"
"345","05","6","19","19"
"346","05","1","22","22"
"347","05","2","71","71"
"348","05","6","72","72"
"349","05","7","9","9"
"350","05","2","51","51"
"351","06","6","23","23"
"352","06","6","45","45"
"353","06","3","97","97"
"354","06","8","51","51"
"355","06","9","47","47"
"356","06","9","55","55"
"357","06","3","70","70"
"358","06","6","39","39"
"359","06","2","56","56"
"360","06","5","31","31"
"361","06","7","19","19"
"362","06","3","36","36"
"363","06","2","45","45"
"364","06","2","93","93"
"365","06","6","26","26"
"366","06","7","38","38"
"367","06","7","60","60"
"368","07","2","37","37"
"369","07","8","80","80"
"370","07","4","9","9"
"371","07","9","33","33"
"372","07","4","37","37"
"373","07","6","49","49"
"374","07","8","91","91"
"375","07","7","1","1"
"376","07","1","9","9"
"377","07","6","18","18"
"378","07","4","67","67"
"379","07","2","87","87"
"380","07","6","88","88"
"381","07","1","16","16"
"382","07","8","69","69"
"383","07","6","87","87"
"384","07","1","95","95"
"385","07","4","2","2"
"386","07","1","37","37"
"387","07","4","62","62"
"388","07","8","44","44"
"389","07","2","94","94"
"390","07","9","10","10"
"391","07","2","94","94"
"392","07","9","11","11"
"393","07","8","94","94"
"394","07","6","3","3"
"395","07","5","74","74"
"396","07","5","73","73"
"397","07","5","61","61"
"398","07","9","49","49"
"399","08","8","23","23"
"400","08","7","73","73"
"401","08","1","77","77"
"402","08","6","46","46"
"403","08","2","74","74"
"404","08","2","31","31"
"405","08","1","3","3"
"406","08","9","10","10"
"407","08","8","75","75"
"408","08","8","28","28"
"409","08","1","99","99"
"410","08","5","30","30"
"411","08","9","63","63"
"412","08","4","77","77"
"413","08","2","35","35"
"414","08","3","23","23"
"415","08","5","66","66"
"416","08","4","3","3"
"417","08","9","94","94"
"418","08","1","68","68"
"419","08","7","58","58"
"420","08","8","59","59"
"421","08","5","99","99"
"422","08","7","41","41"
"423","08","8","9","9"
"424","08","4","39","39"
"425","08","1","90","90"
"426","08","2","40","40"
"427","08","8","47","47"
"428","08","3","98","98"
"429","08","2","95","95"
"430","08","8","65","65"
"431","08","9","27","27"
"432","08","4","89","89"
"433","08","1","24","24"
"434","08","8","46","46"
"435","08","5","62","62"
"436","08","4","9","9"
"437","08","2","48","48"
"438","08","6","82","82"
"439","08","5","75","75"
"440","08","9","25","25"
"441","08","6","24","24"
"442","08","8","53","53"
"443","09","9","57","57"
"444","09","8","70","70"
"445","09","4","77","77"
"446","09","1","1","1"
"447","09","9","55","55"
"448","09","5","8","8"
"449","09","1","96","96"
"450","09","9","70","70"
"451","09","8","41","41"
"452","09","1","23","23"
"453","09","4","88","88"
"454","09","1","93","93"
"455","09","9","81","81"
"456","09","8","9","9"
"457","09","7","70","70"
"458","09","1","23","23"
"459","09","7","48","48"
"460","09","4","83","83"
"461","09","1","44","44"
"462","09","8","51","51"
"463","09","7","60","60"
"464","09","7","20","20"
"465","09","5","96","96"
"466","09","5","58","58"
"467","09","8","15","15"
"468","09","3","90","90"
"469","09","8","76","76"
"470","09","7","91","91"
"471","09","8","99","99"
"472","09","6","8","8"
"473","09","6","48","48"
"474","09","1","33","33"
"475","09","3","55","55"
"476","09","8","51","51"
"477","09","8","70","70"
"478","09","7","88","88"
"479","09","2","30","30"
"480","09","9","93","93"
"481","09","3","82","82"
"482","09","5","89","89"
"483","09","7","37","37"
"484","09","7","6","6"
"485","09","9","56","56"
"486","09","3","29","29"
"487","09","5","40","40"
"488","09","9","43","43"
"489","09","4","12","12"
"490","09","7","20","20"
"491","09","3","45","45"
"492","09","4","91","91"
"493","09","3","26","26"
"494","09","7","16","16"
"495","09","1","58","58"
"496","09","7","49","49"
"497","09","1","50","50"
"498","09","9","79","79"
"499","09","2","66","66"
"500","09","8","15","15"
"501","09","4","75","75"
"502","09","7","77","77"
"503","09","4","13","13"
"504","09","8","60","60"
"505","09","1","5","5"
"506","10","3","41","41"
"507","10","4","16","16"
"508","10","1","85","85"
"509","10","4","38","38"
"510","10","9","13","13"
"511","10","3","3","3"
"512","10","9","54","54"
"513","10","9","47","47"
"514","10","4","59","59"
"515","10","5","78","78"
"516","10","2","36","36"
"517","10","2","16","16"
"518","10","7","59","59"
"519","10","5","69","69"
"520","10","7","36","36"
"521","10","5","45","45"
"522","10","4","29","29"
"523","10","8","39","39"
"524","10","9","63","63"
"525","10","2","75","75"
"526","10","7","86","86"
"527","10","3","30","30"
"528","10","6","73","73"
"529","10","4","13","13"
"530","10","5","38","38"
"531","10","3","58","58"
"532","10","1","46","46"
"533","10","8","15","15"
"534","10","8","44","44"
"535","10","5","85","85"
"536","10","3","98","98"
"537","10","4","39","39"
"538","10","7","15","15"
"539","10","7","52","52"
"540","10","4","55","55"
"541","10","8","28","28"
"542","10","1","59","59"
"543","10","4","69","69"
"544","10","9","36","36"
"545","11","5","11","11"
"546","11","7","61","61"
"547","11","6","61","61"
"548","11","2","4","4"
"549","11","4","52","52"
"550","11","1","64","64"
"551","11","6","43","43"
"552","11","3","6","6"
"553","11","6","44","44"
"554","11","2","85","85"
"555","11","7","24","24"
"556","11","3","70","70"
"557","11","6","69","69"
"558","11","4","60","60"
"559","11","7","36","36"
"560","11","7","33","33"
"561","11","7","57","57"
"562","11","8","47","47"
"563","11","5","87","87"
"564","11","8","48","48"
"565","11","7","96","96"
"566","11","2","54","54"
"567","11","4","8","8"
"568","11","1","79","79"
"569","11","3","21","21"
"570","11","8","15","15"
"571","11","9","78","78"
"572","11","5","61","61"
"573","11","3","94","94"
"574","11","6","97","97"
"575","11","1","20","20"
"576","11","9","63","63"
"577","11","5","61","61"
"578","11","4","21","21"
"579","12","7","81","81"
"580","12","9","25","25"
"581","12","9","53","53"
"582","12","3","26","26"
"583","12","7","29","29"
"584","12","1","79","79"
"585","12","1","75","75"
"586","12","6","59","59"
"587","12","1","60","60"
"588","12","2","26","26"
"589","12","6","58","58"
"590","12","5","56","56"
"591","12","3","49","49"
"592","12","8","69","69"
"593","12","8","87","87"
"594","12","7","98","98"
"595","12","3","65","65"
"596","12","9","47","47"
"597","12","1","45","45"
"598","12","4","25","25"
"599","12","7","73","73"
"600","12","9","95","95"
"601","12","4","41","41"
"602","12","4","9","9"
"603","12","4","77","77"
"604","12","3","30","30"
"605","12","6","24","24"
"606","12","2","67","67"
"607","12","8","88","88"
"608","12","8","80","80"
"609","12","9","54","54"
"610","12","6","47","47"
"611","12","4","58","58"
"612","12","7","52","52"
"613","12","7","96","96"
"614","12","4","16","16"
"615","12","7","96","96"
"616","12","7","26","26"
"617","12","9","90","90"
"618","12","5","40","40"
"619","12","2","79","79"
"620","12","8","93","93"
"621","12","6","40","40"
"622","12","1","73","73"
"623","12","8","28","28"
"624","13","4","39","39"
"625","13","1","34","34"
"626","13","3","89","89"
"627","13","8","32","32"
"628","13","1","16","16"
"629","13","1","14","14"
"630","13","7","93","93"
"631","13","3","48","48"
"632","13","2","27","27"
"633","13","8","42","42"
"634","13","3","66","66"
"635","13","5","17","17"
"636","13","5","67","67"
"637","13","4","61","61"
"638","13","8","79","79"
"639","13","6","68","68"
"640","13","6","41","41"
"641","13","7","33","33"
"642","13","7","28","28"
"643","13","3","59","59"
"644","13","4","14","14"
"645","13","8","41","41"
"646","13","3","9","9"
"647","13","9","85","85"
"648","13","4","46","46"
"649","13","8","23","23"
"650","13","7","67","67"
"651","13","2","60","60"
"652","13","7","7","7"
"653","13","1","71","71"
"654","13","1","63","63"
"655","13","5","77","77"
"656","13","3","70","70"
"657","13","2","16","16"
"658","13","2","43","43"
"659","13","8","42","42"
"660","13","3","38","38"
"661","14","8","62","62"
"662","14","5","7","7"
"663","14","8","25","25"
"664","14","8","76","76"
"665","14","4","21","21"
"666","14","8","68","68"
"667","14","1","82","82"
"668","14","3","98","98"
"669","14","6","57","57"
"670","14","3","52","52"
"671","14","1","91","91"
"672","14","8","78","78"
"673","14","4","80","80"
"674","14","7","14","14"
"675","14","7","69","69"
"676","14","5","13","13"
"677","14","3","31","31"
"678","14","2","79","79"
"679","14","8","94","94"
"680","14","2","64","64"
"681","14","5","38","38"
"682","14","2","90","90"
"683","14","6","92","92"
"684","15","7","4","4"
"685","15","3","61","61"
"686","15","5","97","97"
"687","15","3","52","52"
"688","15","7","89","89"
"689","15","8","25","25"
"690","15","8","4","4"
"691","15","4","33","33"
"692","15","7","51","51"
"693","16","6","61","61"
"694","16","4","50","50"
"695","17","9","41","41"
"696","17","2","73","73"
"697","18","5","46","46"
"698","18","8","42","42"
"699","18","5","55","55"
"700","18","3","20","20"
"701","18","7","86","86"
"702","18","3","41","41"
"703","18","3","83","83"
"704","18","5","30","30"
"705","18","2","20","20"
"706","19","9","37","37"
"707","19","9","3","3"
"708","19","4","95","95"
"709","19","8","37","37"
"710","19","8","15","15"
"711","19","7","87","87"
"712","20","5","71","71"
"713","20","7","69","69"
"714","20","8","69","69"
"715","20","3","32","32"
"716","20","1","40","40"
"717","20","5","66","66"
"718","20","6","78","78"
"719","20","5","32","32"
"720","20","5","15","15"
"721","20","7","53","53"
"722","20","3","48","48"
"723","20","5","2","2"
"724","20","3","41","41"
"725","20","8","84","84"
"726","20","9","15","15"
"727","20","3","41","41"
"728","20","7","17","17"
"729","20","1","53","53"
"730","20","3","60","60"
"731","20","4","94","94"
"732","20","7","9","9"
"733","20","4","71","71"
"734","20","2","15","15"
"735","22","2","39","39"
"736","22","8","85","85"
"737","22","5","20","20"
"738","22","4","86","86"
"739","22","1","23","23"
"740","22","7","12","12"
"741","22","1","33","33"
"742","22","9","20","20"
"743","22","3","50","50"
"744","22","9","26","26"
"745","22","4","71","71"
"746","22","5","57","57"
"747","22","7","63","63"
"748","22","2","41","41"
"749","22","7","86","86"
"750","22","6","22","22"
"751","22","7","64","64"
"752","22","1","66","66"
"753","22","9","93","93"
"754","22","2","86","86"
"755","23","3","86","86"
"756","01","2","62","62"
"757","01","6","55","55"
"758","01","7","53","53"
"759","01","1","76","76"
"760","01","2","40","40"
"761","01","7","11","11"
"762","01","1","60","60"
"763","01","5","37","37"
"764","01","1","67","67"
"765","01","3","7","7"
"766","01","2","86","86"
"767","01","7","6","6"
"768","02","2","1","1"
"769","02","3","41","41"
"770","02","9","44","44"
"771","02","7","29","29"
"772","02","7","61","61"
"773","02","1","99","99"
"774","02","8","39","39"
"775","02","4","92","92"
"776","02","5","26","26"
"777","02","5","64","64"
"778","02","4","2","2"
"779","02","2","40","40"
"780","02","4","17","17"
"781","02","1","26","26"
"782","02","5","72","72"
"783","03","3","10","10"
"784","05","7","46","46"
"785","05","5","5","5"
"786","05","4","29","29"
"787","05","9","35","35"
"788","05","7","65","65"
"789","05","8","6","6"
"790","05","9","74","74"
"791","05","8","25","25"
"792","05","3","81","81"
"793","05","5","82","82"
"794","05","1","12","12"
"795","05","3","1","1"
"796","05","4","37","37"
"797","05","4","67","67"
"798","05","9","60","60"
"799","05","1","98","98"
"800","05","2","83","83"
"801","05","4","76","76"
"802","05","9","16","16"
"803","05","4","4","4"
"804","05","2","54","54"
"805","05","4","71","71"
"806","05","4","60","60"
"807","05","2","59","59"
"808","06","9","72","72"
"809","06","2","78","78"
"810","06","2","95","95"
"811","06","1","44","44"
"812","06","3","72","72"
"813","06","3","4","4"
"814","06","1","87","87"
"815","06","6","3","3"
"816","06","4","30","30"
"817","06","1","34","34"
"818","06","6","63","63"
"819","06","5","27","27"
"820","06","9","49","49"
"821","06","1","55","55"
"822","06","6","64","64"
"823","06","2","67","67"
"824","06","1","74","74"
"825","06","9","47","47"
"826","06","6","74","74"
"827","06","9","5","5"
"828","06","2","75","75"
"829","06","5","35","35"
"830","06","1","90","90"
"831","06","7","74","74"
"832","06","8","42","42"
"833","06","6","77","77"
"834","06","3","24","24"
"835","06","8","8","8"
"836","06","9","6","6"
"837","07","5","19","19"
"838","07","2","31","31"
"839","07","2","98","98"
"840","07","2","32","32"
"841","07","8","72","72"
"842","07","9","55","55"
"843","07","1","45","45"
"844","07","1","39","39"
"845","08","2","37","37"
"846","08","8","51","51"
"847","08","6","29","29"
"848","08","8","9","9"
"849","08","8","29","29"
"850","08","4","27","27"
"851","08","8","59","59"
"852","08","8","96","96"
"853","08","3","73","73"
"854","08","3","65","65"
"855","08","1","31","31"
"856","08","5","34","34"
"857","08","9","27","27"
"858","08","4","10","10"
"859","08","5","48","48"
"860","08","6","11","11"
"861","08","3","50","50"
"862","08","4","5","5"
"863","08","8","5","5"
"864","08","9","29","29"
"865","08","7","78","78"
"866","08","1","81","81"
"867","08","7","46","46"
"868","08","6","43","43"
"869","08","1","71","71"
"870","08","8","67","67"
"871","08","7","37","37"
"872","09","9","66","66"
"873","09","3","62","62"
"874","10","6","99","99"
"875","10","6","85","85"
"876","10","1","91","91"
"877","10","8","27","27"
"878","10","8","95","95"
"879","10","7","19","19"
"880","10","9","32","32"
"881","10","3","49","49"
"882","10","9","5","5"
"883","10","2","40","40"
"884","10","8","39","39"
"885","11","3","25","25"
"886","11","7","70","70"
"887","11","6","13","13"
"888","11","3","48","48"
"889","11","9","70","70"
"890","11","2","76","76"
"891","12","1","84","84"
"892","12","5","59","59"
"893","12","1","52","52"
"894","12","6","40","40"
"895","12","1","57","57"
"896","12","6","34","34"
"897","12","9","94","94"
"898","12","6","29","29"
"899","12","4","54","54"
"900","13","2","86","86"
"901","13","8","67","67"
"902","13","8","43","43"
"903","13","4","31","31"
"904","13","8","9","9"
"905","13","2","70","70"
"906","13","5","85","85"
"907","13","8","67","67"
"908","14","8","31","31"
"909","14","9","64","64"
"910","14","6","90","90"
"911","14","2","80","80"
"912","14","6","55","55"
"913","14","7","8","8"
"914","14","4","53","53"
"915","14","1","10","10"
"916","14","5","51","51"
"917","14","9","41","41"
"918","14","2","28","28"
"919","14","7","21","21"
"920","14","2","6","6"
"921","14","2","28","28"
"922","15","4","45","45"
"923","15","9","18","18"
"924","15","1","28","28"
"925","15","1","25","25"
"926","15","2","93","93"
"927","15","5","60","60"
"928","15","8","97","97"
"929","15","9","77","77"
"930","15","5","49","49"
"931","15","1","71","71"
"932","15","9","69","69"
"933","15","7","37","37"
"934","15","7","36","36"
"935","15","4","71","71"
"936","15","4","3","3"
"937","15","9","65","65"
"938","15","3","48","48"
"939","15","9","53","53"
"940","15","4","80","80"
"941","15","1","26","26"
"942","15","2","85","85"
"943","15","7","23","23"
"944","15","6","38","38"
"945","15","1","32","32"
"946","15","6","91","91"
"947","15","4","89","89"
"948","15","1","27","27"
"949","15","8","52","52"
"950","16","6","39","39"
"951","16","9","95","95"
"952","17","8","87","87"
"953","17","4","76","76"
"954","17","3","70","70"
"955","17","9","20","20"
"956","17","4","4","4"
"957","17","5","56","56"
"958","17","2","46","46"
"959","17","3","23","23"
"960","18","9","69","69"
"961","18","2","61","61"
"962","18","6","48","48"
"963","18","4","8","8"
"964","18","7","4","4"
"965","18","1","78","78"
"966","18","1","57","57"
"967","18","6","76","76"
"968","18","6","91","91"
"969","18","6","29","29"
"970","18","7","92","92"
"971","18","5","50","50"
"972","20","1","3","3"
"973","20","1","45","45"
"974","20","2","31","31"
"975","20","2","38","38"
"976","20","6","79","79"
"977","20","8","13","13"
"978","20","4","36","36"
"979","20","5","67","67"
"980","21","9","51","51"
"981","21","8","27","27"
"982","21","7","86","86"
"983","22","6","77","77"
"984","22","5","5","5"
"985","22","2","71","71"
"986","22","5","41","41"
"987","22","5","17","17"
"988","23","8","36","36"
"989","00","2","42","42"
"990","00","7","62","62"
"991","00","7","43","43"
"992","00","7","69","69"
"993","00","6","24","24"
"994","00","8","2","2"
"995","02","8","13","13"
"996","02","7","50","50"
"997","02","3","85","85"
"998","02","7","9","9"
"999","02","8","54","54"
"1000","03","6","41","41"
"1001","03","2","63","63"
"1002","03","4","86","86"
"1003","03","7","26","26"
"1004","03","9","22","22"
"1005","03","1","4","4"
"1006","03","1","36","36"
"1007","03","1","91","91"
"1008","03","3","78","78"
"1009","03","4","38","38"
"1010","03","3","85","85"
"1011","03","9","99","99"
"1012","03","6","7","7"
"1013","03","5","55","55"
"1014","03","6","35","35"
"1015","03","7","86","86"
"1016","03","2","4","4"
"1017","05","6","96","96"
"1018","07","6","9","9"
"1019","08","2","93","93"
"1020","08","8","48","48"
"1021","08","2","58","58"
"1022","08","6","52","52"
"1023","08","7","3","3"
"1024","08","1","91","91"
"1025","08","2","90","90"
"1026","08","9","60","60"
"1027","08","3","33","33"
"1028","08","5","11","11"
"1029","08","4","82","82"
"1030","08","2","52","52"
"1031","08","7","62","62"
"1032","08","5","97","97"
"1033","08","6","45","45"
"1034","08","4","81","81"
"1035","08","7","11","11"
"1036","08","8","52","52"
"1037","08","8","44","44"
"1038","08","3","76","76"
"1039","08","7","39","39"
"1040","08","7","75","75"
"1041","08","5","26","26"
"1042","08","1","82","82"
"1043","08","9","82","82"
"1044","08","2","69","69"
"1045","08","6","43","43"
"1046","08","5","82","82"
"1047","08","4","72","72"
"1048","08","4","68","68"
"1049","08","4","40","40"
"1050","08","7","57","57"
"1051","08","9","17","17"
"1052","08","5","82","82"
"1053","08","2","79","79"
"1054","08","7","1","1"
"1055","08","3","71","71"
"1056","08","2","60","60"
"1057","09","8","31","31"
"1058","09","7","94","94"
"1059","09","7","33","33"
"1060","10","8","99","99"
"1061","10","6","40","40"
"1062","10","9","65","65"
"1063","10","8","54","54"
"1064","10","6","63","63"
"1065","10","7","73","73"
"1066","11","3","94","94"
"1067","11","9","37","37"
"1068","11","4","11","11"
"1069","11","9","45","45"
"1070","11","6","78","78"
"1071","11","9","34","34"
"1072","11","1","42","42"
"1073","11","6","53","53"
"1074","11","3","99","99"
"1075","11","5","22","22"
"1076","11","5","48","48"
"1077","11","8","88","88"
"1078","11","9","2","2"
"1079","11","4","24","24"
"1080","11","3","41","41"
"1081","11","2","7","7"
"1082","11","4","68","68"
"1083","11","2","56","56"
"1084","11","7","71","71"
"1085","11","6","76","76"
"1086","11","4","77","77"
"1087","11","6","8","8"
"1088","11","6","86","86"
"1089","11","1","9","9"
"1090","11","3","74","74"
"1091","11","6","53","53"
"1092","11","8","73","73"
"1093","11","3","4","4"
"1094","11","4","3","3"
"1095","12","2","43","43"
"1096","12","2","47","47"
"1097","12","7","29","29"
"1098","12","3","89","89"
"1099","12","5","93","93"
"1100","12","8","8","8"
"1101","12","2","36","36"
"1102","12","7","17","17"
"1103","12","2","62","62"
"1104","12","3","60","60"
"1105","12","6","57","57"
"1106","12","9","31","31"
"1107","12","4","71","71"
"1108","12","5","67","67"
"1109","12","9","47","47"
"1110","12","2","96","96"
"1111","12","1","82","82"
"1112","12","8","67","67"
"1113","12","6","79","79"
"1114","12","1","19","19"
"1115","12","1","80","80"
"1116","12","7","77","77"
"1117","12","5","88","88"
"1118","12","1","98","98"
"1119","12","4","15","15"
"1120","12","5","60","60"
"1121","12","8","45","45"
"1122","12","8","50","50"
"1123","12","6","29","29"
"1124","12","6","43","43"
"1125","12","6","19","19"
"1126","12","9","56","56"
"1127","12","4","42","42"
"1128","12","2","90","90"
"1129","12","1","68","68"
"1130","12","5","70","70"
"1131","12","8","46","46"
"1132","12","5","84","84"
"1133","12","9","59","59"
"1134","12","2","74","74"
"1135","12","7","66","66"
"1136","12","2","49","49"
"1137","12","6","59","59"
"1138","12","3","81","81"
"1139","12","8","43","43"
"1140","12","9","88","88"
"1141","12","7","56","56"
"1142","12","6","3","3"
"1143","12","2","86","86"
"1144","12","4","60","60"
"1145","12","7","78","78"
"1146","12","1","49","49"
"1147","12","7","48","48"
"1148","12","9","80","80"
"1149","12","9","62","62"
"1150","12","9","62","62"
"1151","12","3","13","13"
"1152","12","3","61","61"
"1153","12","7","76","76"
"1154","12","1","63","63"
"1155","12","5","89","89"
"1156","12","1","99","99"
"1157","12","6","58","58"
"1158","12","4","84","84"
"1159","12","7","76","76"
"1160","12","6","98","98"
"1161","12","4","20","20"
"1162","12","3","62","62"
"1163","12","4","18","18"
"1164","12","9","94","94"
"1165","12","5","18","18"
"1166","12","2","79","79"
"1167","12","1","19","19"
"1168","12","4","96","96"
"1169","12","4","25","25"
"1170","12","7","58","58"
"1171","12","5","24","24"
"1172","12","8","25","25"
"1173","12","8","54","54"
"1174","12","1","17","17"
"1175","12","4","3","3"
"1176","12","3","15","15"
"1177","12","3","32","32"
"1178","12","7","95","95"
"1179","12","1","89","89"
"1180","12","7","57","57"
"1181","12","2","8","8"
"1182","12","7","58","58"
"1183","12","1","66","66"
"1184","12","3","97","97"
"1185","12","1","85","85"
"1186","12","1","56","56"
"1187","12","4","22","22"
"1188","12","6","10","10"
"1189","12","1","27","27"
"1190","12","4","7","7"
"1191","12","2","38","38"
"1192","12","8","40","40"
"1193","12","9","36","36"
"1194","12","6","71","71"
"1195","12","2","93","93"
"1196","12","1","36","36"
"1197","13","5","48","48"
"1198","13","6","81","81"
"1199","13","9","73","73"
"1200","13","1","87","87"
"1201","13","8","88","88"
"1202","13","6","66","66"
"1203","13","2","65","65"
"1204","13","4","88","88"
"1205","13","8","87","87"
"1206","13","9","18","18"
"1207","13","8","29","29"
"1208","13","2","27","27"
"1209","13","9","72","72"
"1210","14","5","66","66"
"1211","14","5","76","76"
"1212","14","9","79","79"
"1213","15","9","45","45"
"1214","15","4","96","96"
"1215","15","6","82","82"
"1216","15","5","37","37"
"1217","15","7","53","53"
"1218","15","4","65","65"
"1219","15","3","90","90"
"1220","15","9","74","74"
"1221","15","6","16","16"
"1222","15","6","3","3"
"1223","15","2","29","29"
"1224","15","3","88","88"
"1225","15","7","60","60"
"1226","16","1","42","42"
"1227","16","3","79","79"
"1228","16","3","18","18"
"1229","16","3","18","18"
"1230","16","9","52","52"
"1231","16","6","51","51"
"1232","18","5","45","45"
"1233","18","1","95","95"
"1234","19","3","58","58"
"1235","19","3","57","57"
"1236","20","4","20","20"
"1237","20","6","35","35"
"1238","20","5","52","52"
"1239","20","7","23","23"
"1240","20","4","3","3"
"1241","21","2","42","42"
"1242","21","4","69","69"
"1243","21","2","57","57"
"1244","21","6","62","62"
"1245","21","8","77","77"
"1246","21","9","63","63"
"1247","21","8","39","39"
"1248","21","4","48","48"
"1249","21","7","34","34"
"1250","21","3","43","43"
"1251","21","6","9","9"
"1252","21","9","41","41"
"1253","22","1","49","49"
"1254","22","4","1","1"
"1255","22","6","20","20"
"1256","22","3","97","97"
"1257","22","4","47","47"
"1258","22","5","1","1"
"1259","22","6","38","38"
"1260","22","1","82","82"
"1261","22","3","94","94"
"1262","22","7","51","51"
"1263","22","8","18","18"
"1264","22","3","83","83"
"1265","22","2","71","71"
"1266","23","1","34","34"
"1267","23","8","9","9"
"1268","23","7","58","58"
"1269","23","5","67","67"
"1270","23","7","12","12"
"1271","23","2","80","80"
"1272","23","9","21","21"
"1273","23","9","24","24"
"1274","23","8","16","16"
"1275","00","2","94","94"
"1276","00","6","66","66"
"1277","00","5","73","73"
"1278","00","2","93","93"
"1279","00","1","45","45"
"1280","00","8","6","6"
"1281","01","8","90","90"
"1282","02","3","32","32"
"1283","03","4","26","26"
"1284","03","5","85","85"
"1285","03","9","27","27"
"1286","03","3","84","84"
"1287","03","5","49","49"
"1288","03","2","70","70"
"1289","06","8","8","8"
"1290","06","1","15","15"
"1291","06","4","88","88"
"1292","06","3","46","46"
"1293","06","8","23","23"
"1294","06","2","9","9"
"1295","06","6","53","53"
"1296","06","7","61","61"
"1297","06","4","27","27"
"1298","06","1","50","50"
"1299","06","1","20","20"
"1300","06","9","93","93"
"1301","06","5","64","64"
"1302","06","9","68","68"
"1303","06","9","57","57"
"1304","06","4","78","78"
"1305","06","2","80","80"
"1306","06","3","20","20"
"1307","06","1","7","7"
"1308","07","2","80","80"
"1309","07","3","4","4"
"1310","07","2","13","13"
"1311","07","5","11","11"
"1312","07","7","19","19"
"1313","07","8","45","45"
"1314","08","1","93","93"
"1315","08","9","16","16"
"1316","08","7","72","72"
"1317","08","7","86","86"
"1318","08","5","11","11"
"1319","08","4","19","19"
"1320","08","1","80","80"
"1321","08","5","47","47"
"1322","10","4","29","29"
"1323","10","5","51","51"
"1324","10","3","47","47"
"1325","11","6","25","25"
"1326","11","7","82","82"
"1327","11","1","89","89"
"1328","11","6","70","70"
"1329","11","4","4","4"
"1330","11","3","9","9"
"1331","11","3","36","36"
"1332","11","2","18","18"
"1333","11","6","69","69"
"1334","11","8","7","7"
"1335","11","9","44","44"
"1336","11","4","82","82"
"1337","11","1","12","12"
"1338","11","9","38","38"
"1339","11","2","10","10"
"1340","11","1","30","30"
"1341","11","9","26","26"
"1342","11","4","49","49"
"1343","11","4","76","76"
"1344","12","9","22","22"
"1345","12","4","42","42"
"1346","12","8","41","41"
"1347","12","5","18","18"
"1348","12","7","31","31"
"1349","12","3","22","22"
"1350","12","2","67","67"
"1351","12","3","67","67"
"1352","12","6","80","80"
"1353","12","9","86","86"
"1354","12","3","91","91"
"1355","12","9","57","57"
"1356","12","1","99","99"
"1357","12","3","63","63"
"1358","12","5","3","3"
"1359","12","4","61","61"
"1360","12","7","21","21"
"1361","13","8","92","92"
"1362","13","8","85","85"
"1363","13","5","95","95"
"1364","13","2","50","50"
"1365","13","1","4","4"
"1366","13","9","70","70"
"1367","13","3","62","62"
"1368","13","7","81","81"
"1369","13","5","63","63"
"1370","13","1","76","76"
"1371","13","9","13","13"
"1372","13","3","66","66"
"1373","13","2","15","15"
"1374","13","5","81","81"
"1375","13","3","85","85"
"1376","13","5","34","34"
"1377","13","9","95","95"
"1378","13","4","44","44"
"1379","13","6","21","21"
"1380","13","8","11","11"
"1381","13","4","91","91"
"1382","13","5","56","56"
"1383","13","9","42","42"
"1384","13","8","85","85"
"1385","13","1","55","55"
"1386","13","8","47","47"
"1387","13","3","33","33"
"1388","13","4","8","8"
"1389","13","7","61","61"
"1390","13","7","66","66"
"1391","13","9","16","16"
"1392","13","8","74","74"
"1393","13","8","57","57"
"1394","13","9","56","56"
"1395","13","1","6","6"
"1396","13","2","54","54"
"1397","13","1","69","69"
"1398","13","7","72","72"
"1399","13","5","64","64"
"1400","13","1","44","44"
"1401","13","5","10","10"
"1402","13","2","7","7"
"1403","13","2","12","12"
"1404","13","8","8","8"
"1405","13","7","6","6"
"1406","13","7","32","32"
"1407","14","7","27","27"
"1408","14","8","91","91"
"1409","14","6","44","44"
"1410","14","2","35","35"
"1411","14","7","82","82"
"1412","14","7","55","55"
"1413","14","1","15","15"
"1414","14","9","4","4"
"1415","14","9","15","15"
"1416","14","9","79","79"
"1417","14","1","14","14"
"1418","14","5","36","36"
"1419","14","8","47","47"
"1420","14","7","58","58"
"1421","14","7","93","93"
"1422","15","2","66","66"
"1423","15","6","78","78"
"1424","15","8","79","79"
"1425","15","3","57","57"
"1426","15","1","63","63"
"1427","15","9","11","11"
"1428","15","6","53","53"
"1429","15","3","64","64"
"1430","15","6","57","57"
"1431","15","1","81","81"
"1432","15","3","95","95"
"1433","15","3","32","32"
"1434","15","6","42","42"
"1435","15","7","30","30"
"1436","15","9","79","79"
"1437","15","3","70","70"
"1438","15","6","87","87"
"1439","15","1","24","24"
"1440","15","2","67","67"
"1441","15","8","31","31"
"1442","15","6","10","10"
"1443","15","7","67","67"
"1444","15","2","28","28"
"1445","15","4","4","4"
"1446","15","1","34","34"
"1447","15","7","80","80"
"1448","15","1","52","52"
"1449","16","4","71","71"
"1450","16","3","98","98"
"1451","16","2","22","22"
"1452","16","9","15","15"
"1453","16","5","66","66"
"1454","16","2","71","71"
"1455","18","6","91","91"
"1456","18","7","66","66"
"1457","18","4","10","10"
"1458","18","5","46","46"
"1459","20","5","70","70"
"1460","20","7","1","1"
"1461","20","7","47","47"
"1462","20","7","41","41"
"1463","20","7","89","89"
"1464","20","2","36","36"
"1465","20","6","38","38"
"1466","20","1","92","92"
"1467","20","9","27","27"
"1468","20","2","51","51"
"1469","20","9","95","95"
"1470","20","1","52","52"
"1471","20","1","95","95"
"1472","20","5","67","67"
"1473","23","1","83","83"
"1474","01","2","36","36"
"1475","02","7","39","39"
"1476","02","8","12","12"
"1477","03","9","28","28"
"1478","04","7","83","83"
"1479","04","6","18","18"
"1480","04","1","50","50"
"1481","04","8","16","16"
"1482","04","4","63","63"
"1483","05","6","25","25"
"1484","05","8","97","97"
"1485","05","4","61","61"
"1486","05","3","27","27"
"1487","05","8","25","25"
"1488","05","6","76","76"
"1489","05","4","76","76"
"1490","05","8","3","3"
"1491","05","5","84","84"
"1492","05","3","10","10"
"1493","05","1","76","76"
"1494","08","5","53","53"
"1495","09","1","93","93"
"1496","09","8","69","69"
"1497","11","3","29","29"
"1498","11","5","57","57"
"1499","11","7","25","25"
"1500","11","5","47","47"
"1501","11","4","23","23"
"1502","11","8","54","54"
"1503","11","5","48","48"
"1504","11","9","1","1"
"1505","11","9","13","13"
"1506","11","8","80","80"
"1507","11","9","66","66"
"1508","11","2","41","41"
"1509","11","4","49","49"
"1510","11","1","41","41"
"1511","11","4","46","46"
"1512","11","5","85","85"
"1513","11","3","76","76"
"1514","11","1","45","45"
"1515","11","6","46","46"
"1516","11","1","40","40"
"1517","11","6","78","78"
"1518","11","7","57","57"
"1519","11","5","48","48"
"1520","11","5","22","22"
"1521","11","2","81","81"
"1522","12","7","75","75"
"1523","12","2","50","50"
"1524","12","4","8","8"
"1525","12","9","70","70"
"1526","12","7","90","90"
"1527","12","6","38","38"
"1528","12","7","99","99"
"1529","12","9","11","11"
"1530","12","4","32","32"
"1531","12","8","47","47"
"1532","12","8","49","49"
"1533","12","1","82","82"
"1534","12","9","84","84"
"1535","12","1","11","11"
"1536","12","9","40","40"
"1537","12","2","94","94"
"1538","12","1","44","44"
"1539","12","3","50","50"
"1540","12","5","71","71"
"1541","12","4","45","45"
"1542","12","7","87","87"
"1543","12","7","18","18"
"1544","13","6","12","12"
"1545","13","4","80","80"
"1546","13","5","19","19"
